[{"@type":"mappingTemplate","id":"@1","name":"Mapping9","description":"","bundleVersion":"0","templateId":"@3","deployTime":1663760529000,"hasParameters":false,"valid":true,"fixedConnection":true,"hasParametersDeployed":false,"fixedConnectionDeployed":true,"tasks":0,"mappingPreviewFileRecordId":"@2","documentType":"MAPPING","references":[{"@type":"reference","refObjectId":"@18MdkmicH46fRycZoyQ7Yh","refType":"mappletTemplate"},{"@type":"reference","refObjectId":"@a0lppXKbsATbJe67xsrYq8","refType":"connection"},{"@type":"reference","refObjectId":"@jzFqf1vzQK7h0kTJRjPi6C","refType":"connection"}]}]